{
  "canisters": {
    "internet_identity": {
      "candid": "https://github.com/dfinity/internet-identity/releases/latest/download/internet_identity.did",
      "frontend": {},
      "remote": {
        "id": {
          "ic": "rdmx6-jaaaa-aaaaa-aaadq-cai"
        }
      },
      "type": "custom",
      "wasm": "https://github.com/dfinity/internet-identity/releases/latest/download/internet_identity_dev.wasm.gz"
    },
    "motoko_project_backend": {
      "main": "src/motoko_project_backend/main.mo",
      "type": "motoko"
    },
    "motoko_project_frontend": {
      "dependencies": [
        "motoko_project_backend"
      ],
      "source": [
        "src/motoko_project_frontend/dist"
      ],
      "type": "assets",
      "workspace": "motoko_project_frontend"
    }
  },
  "defaults": {
    "build": {
      "args": "",
      "packtool": ""
    }
  },
  "output_env_file": ".env",
  "version": 1
}